{"cameraMode":{"drawMode":0,"name":"Shaded","section":"Shading Mode"},"sceneLighting":false,"audioPlay":false,"sceneViewState":{"m_AlwaysRefresh":false,"showFog":true,"showSkybox":false,"showFlares":true,"showImageEffects":true,"showParticleSystems":true,"showVisualEffectGraphs":true,"m_FxEnabled":true},"in2DMode":false,"pivot":{"x":15.598237991333008,"y":3.1124820709228517,"z":1.6535415649414063},"rotation":{"x":-0.2825571298599243,"y":-0.10706155002117157,"z":0.03175069019198418,"w":-0.9527381062507629},"size":20.282316207885743,"orthographic":false}